"date","billing_name","amount","payment_type","status","order_id"
"2019-10-03 00:08:57","Bayaran Proses OWK MESTI MAJU ENTERPRISE KN-02102019-0211","50","RENEWAL","captured","244190"
"2019-10-03 00:13:04","Bayaran Proses SYARIKAT PELANGI KR-30092019-0200","50","RENEWAL","captured","244202"
"2019-10-03 00:31:24","Bayaran Proses ONE TECHNOLOGIES SDN.BHD. KR-05092019-0103","50","RENEWAL","captured","244211"
"2019-10-03 01:40:56","Bayaran Pendaftaran DELIKA JAYA ENTRPRISE KR-13072019-0007","400","REGISTRATION","captured","244204"
"2019-10-03 03:14:58","Bayaran Proses PERSADA HIKMAH ENTERPRISE KR-20092019-0144","50","RENEWAL","captured","244205"
"2019-10-03 03:36:51","Bayaran Proses NIIAADAM ENTERRPRISE KN-03102019-0005","50","RENEWAL","captured","244212"
"2019-10-03 05:38:59","Bayaran Pendaftaran GREEN RETROFIT ENGINEERING KN-24092019-0122","400","REGISTRATION","captured","244213"
"2019-10-03 07:06:00","Bayaran Pendaftaran PEMBINAAN DARUL MUKMIN KN-25092019-0021","400","REGISTRATION","captured","244206"
"2019-10-03 07:39:11","Bayaran Pendaftaran BINAAN ALEXSTAR ENTERPRISE KN-13092019-0094","400","REGISTRATION","captured","244209"
"2019-10-03 07:57:54","Bayaran Pendaftaran MANJA LESTARI SDN BHD KN-18092019-0137","400","REGISTRATION","captured","244210"
"2019-10-03 08:08:47","Bayaran Pendaftaran AMMAR AINNA LEGACY KN-13092019-0114","400","REGISTRATION","captured","244231"
"2019-10-03 08:09:31","Bayaran Proses PANCAR INDRA ENTERPRISE KR-03102019-0005","50","RENEWAL","captured","244232"
"2019-10-03 08:18:30","Bayaran Pendaftaran SENTA SAWIT ENTERPRISE KR-24092019-0153","400","REGISTRATION","captured","244233"
"2019-10-03 08:28:58","Bayaran Proses ECO GREEN MAINTENANCE SERVICES SDN BHD KR-27092019-0117","50","RENEWAL","captured","244235"
"2019-10-03 08:29:16","Bayaran Pendaftaran HMIT ENGINEERING SDN. BHD. KR-19092019-0106","400","REGISTRATION","captured","244236"
"2019-10-03 08:32:32","Bayaran Pendaftaran INSPIRASI UKUR KONSULTAN JR-29082019-0002","400","REGISTRATION","captured","244215"
"2019-10-03 08:35:26","Bayaran Pendaftaran UNITED SUPPORT MARKETING KR-23092019-0078","400","REGISTRATION","captured","244238"
"2019-10-03 08:41:11","Bayaran Proses THEORY ART PRODUCTIONS SDN BHD KN-01102019-0104","50","RENEWAL","captured","244239"
"2019-10-03 08:43:54","Bayaran Proses INSOMNIA STUDIOS SDN BHD KN-01102019-0114","50","RENEWAL","captured","244241"
"2019-10-03 08:45:51","Bayaran Proses ISMAIL XTVT ENTERPRISE KN-01102019-0075","50","RENEWAL","captured","244242"
"2019-10-03 08:46:52","Bayaran Proses MINDS EYE PRODUCTIONS SDN BHD KN-01102019-0103","50","RENEWAL","captured","244243"
"2019-10-03 08:48:39","Bayaran Proses PERTUBUHAN PELADANG KAWASAN RENGIT KR-18092019-0008","50","RENEWAL","captured","244244"
"2019-10-03 08:51:33","Bayaran Pendaftaran MIH SMART RESOURCES KN-17092019-0147","400","REGISTRATION","captured","244245"
"2019-10-03 08:59:44","Bayaran Proses INSING INTERIOR DECOR KN-30092019-0114","50","RENEWAL","captured","244248"
"2019-10-03 09:19:12","Bayaran Pendaftaran MY EMERALD ENTERPRISE KN-02102019-0069","400","REGISTRATION","captured","244253"
"2019-10-03 09:19:21","Bayaran Pendaftaran OLIVE TREE CONCEPTS SDN BHD KR-26092019-0125","400","REGISTRATION","captured","244221"
"2019-10-03 09:23:39","Bayaran Proses ILHAM REKACIPTA ENTERPRISE KR-03102019-0013","50","RENEWAL","captured","244255"
"2019-10-03 09:27:33","Bayaran Proses LIFENO C ENTERPRISE KN-02102019-0209","50","RENEWAL","captured","244256"
"2019-10-03 09:30:54","Bayaran Proses TECHTRIO MANAGEMENT SDN. BHD. KN-01102019-0068","50","RENEWAL","captured","244257"
"2019-10-03 09:32:59","Bayaran Pendaftaran WARISAN JUARA PADU SDN. BHD. KN-14092019-0012","400","REGISTRATION","captured","244259"
"2019-10-03 09:38:23","Bayaran Proses Majlis Ekuin Malaysia KN-02102019-0082","50","RENEWAL","captured","244261"
"2019-10-03 09:39:04","Bayaran Pendaftaran OCEANMAX DATACOMMS SDN BHD KR-19092019-0152","400","REGISTRATION","captured","244226"
"2019-10-03 09:41:27","Bayaran Proses LE MANJA UNGGUL SDN BHD KR-01102019-0126","50","RENEWAL","captured","244264"
"2019-10-03 09:42:17","Bayaran Pendaftaran BUMI TYRE &amp;amp;amp; SPORT RIMS ENTERPRISE KR-08092019-0044","400","REGISTRATION","captured","244263"
"2019-10-03 09:44:21","Bayaran Proses ZABIDAH BINTI ALI KR-02102019-0127","50","RENEWAL","captured","244265"
"2019-10-03 09:45:01","Bayaran Proses SATU SELERA SDN. BHD. KR-28082019-0127","50","RENEWAL","captured","244266"
"2019-10-03 09:45:33","Bayaran Proses RIPGON ENTERPRISE KN-03102019-0011","50","RENEWAL","captured","244268"
"2019-10-03 09:45:47","Bayaran Pendaftaran SHAM SLY AUTO ENTERPRISE KR-06092019-0035","400","REGISTRATION","captured","244267"
"2019-10-03 09:46:28","Bayaran Proses DUTA WANGSA GLOBAL RESOURCES KN-01102019-0206","50","RENEWAL","captured","244270"
"2019-10-03 09:47:38","Bayaran Proses SYARIKAT JAYA USAHA KR-02102019-0149","50","RENEWAL","captured","244228"
"2019-10-03 09:47:47","Bayaran Pendaftaran MN S INDAH ENTERPRISE KR-23082019-0128","400","REGISTRATION","captured","244271"
"2019-10-03 09:48:22","Bayaran Proses FOKUS KATERING SDN BHD KR-28082019-0137","50","RENEWAL","captured","244272"
"2019-10-03 09:48:40","Bayaran Proses C E UKUR BAHAN SDN BHD JR-18092019-0003","50","RENEWAL","captured","244229"
"2019-10-03 09:51:56","Bayaran Proses MBM MAJU ENTERPRISE KR-02102019-0150","50","RENEWAL","captured","244275"
"2019-10-03 09:53:16","Bayaran Pendaftaran NORAZILAH BINTI ABDULLAH KN-25092019-0043","400","REGISTRATION","captured","244277"
"2019-10-03 09:54:32","Bayaran Proses WWANSHA ENTERPRISE KR-30092019-0104","50","RENEWAL","captured","244278"
"2019-10-03 09:59:34","Bayaran Proses SENT GLOBAL (M) SDN. BHD. KN-30092019-0151","50","RENEWAL","captured","244230"
"2019-10-03 10:00:05","Bayaran Proses JL WATER ENGINEERING SDN.BHD. KR-27092019-0116","50","RENEWAL","captured","244279"
"2019-10-03 10:01:10","Bayaran Pendaftaran ANUGERAH AHYU ENTERPRISE KR-17092019-0231","400","REGISTRATION","captured","244291"
"2019-10-03 10:01:45","Bayaran Proses D AYUH RASA SDN BHD KR-28082019-0134","50","RENEWAL","captured","244280"
"2019-10-03 10:04:03","Bayaran Pendaftaran KIAN YEW ENTERPRISE KR-26092019-0073","400","REGISTRATION","captured","244282"
"2019-10-03 10:04:38","Bayaran Proses MAZANI ENTERPRISE KR-11092019-0010","50","RENEWAL","captured","244284"
"2019-10-03 10:04:40","Bayaran Pendaftaran ILHAM USAHA MEDIA KR-20092019-0107","400","REGISTRATION","captured","244294"
"2019-10-03 10:06:45","Bayaran Proses AFIQ MAJU TRADING KN-10092019-0139","50","RENEWAL","captured","244295"
"2019-10-03 10:07:29","Bayaran Pendaftaran EDU JAYA SDN. BHD. KR-25092019-0140","400","REGISTRATION","captured","244287"
"2019-10-03 10:11:05","Bayaran Proses MASSAC ENTERPRISE KR-03102019-0026","50","RENEWAL","captured","244296"
"2019-10-03 10:11:27","Bayaran Proses Antenna Entertainments Sdn Bhd KN-02102019-0184","50","RENEWAL","captured","244290"
"2019-10-03 10:11:50","Bayaran Proses TELEPEST MANAGEMENT AND SERVICES SDN. BHD. KN-03102019-0031","50","RENEWAL","captured","244312"
"2019-10-03 10:12:12","Bayaran Proses Maestro Swiss Food Sdn. Bhd. KN-24092019-0077","50","RENEWAL","captured","244297"
"2019-10-03 10:12:31","Bayaran Pendaftaran WS ENERGIE VENTURE SDN. BHD. KN-25092019-0059","400","REGISTRATION","captured","244299"
"2019-10-03 10:13:23","Bayaran Proses SPE MEGAH CONSORTIUM SDN. BHD. KR-02102019-0159","50","RENEWAL","captured","244300"
"2019-10-03 10:14:04","Bayaran Proses NAZZ IMAGE ENTERPRISE KR-11092019-0182","50","RENEWAL","captured","244313"
"2019-10-03 10:19:04","Bayaran Pendaftaran SEGI SERI HOLDINGS SDN. BHD. KN-06092019-0141","400","REGISTRATION","captured","244316"
"2019-10-03 10:21:20","Bayaran Pendaftaran OWK MESTI MAJU ENTERPRISE KN-02102019-0211","400","REGISTRATION","captured","244302"
"2019-10-03 10:21:21","Bayaran Pendaftaran AMFAZ ENTERPRISE KN-12092019-0101","400","REGISTRATION","captured","244318"
"2019-10-03 10:21:37","Bayaran Pendaftaran WANPRO SERVICES KN-01102019-0021","400","REGISTRATION","captured","244303"
"2019-10-03 10:24:33","Bayaran Pendaftaran LIFEWORK STAFFING SERVICES KN-24092019-0171","400","REGISTRATION","captured","244319"
"2019-10-03 10:25:38","Bayaran Proses JUBEC ENTERPRISE KR-26082019-0160","50","RENEWAL","captured","244304"
"2019-10-03 10:26:54","Bayaran Proses SAF JAYA ENTERPRISE KN-03102019-0041","50","RENEWAL","captured","244322"
"2019-10-03 10:27:25","Bayaran Proses JABALEDANG ENTERPRISE KN-02102019-0117","50","RENEWAL","captured","244325"
"2019-10-03 10:29:37","Bayaran Pendaftaran LIGHTMAKERS &amp;amp;amp; DESIGN SDN BHD KN-17092019-0032","400","REGISTRATION","captured","244326"
"2019-10-03 10:29:44","Bayaran Pendaftaran QAFF MARKETING SDN. BHD. KN-30092019-0064","400","REGISTRATION","captured","244307"
"2019-10-03 10:32:20","Bayaran Proses MOZIM CERGAS TRADING KN-03102019-0029","50","RENEWAL","captured","244310"
"2019-10-03 10:33:19","Bayaran Proses SKAP ALUMNI SDN.BHD. KR-02102019-0092","50","RENEWAL","captured","244331"
"2019-10-03 10:37:05","Bayaran Pendaftaran ABZUL ENTERPRISE KR-23072019-0122","400","REGISTRATION","captured","244328"
"2019-10-03 10:38:57","Bayaran Pendaftaran PROMARCARE SDN. BHD. KR-19082019-0044","400","REGISTRATION","captured","244329"
"2019-10-03 10:40:33","Bayaran Proses REZEKI RIZZARA ENTERPRISE KR-03102019-0039","50","RENEWAL","captured","244330"
"2019-10-03 10:46:46","Bayaran Pendaftaran GREENERY TRADING CO KN-05092019-0084","400","REGISTRATION","captured","244351"
"2019-10-03 10:46:55","Bayaran Pendaftaran HMS ENTERPRISE COMPANY KN-11092019-0007","400","REGISTRATION","captured","244352"
"2019-10-03 10:50:42","Bayaran Proses ALKHALIQ GLOBAL SDN. BHD KN-01102019-0092","50","RENEWAL","captured","244355"
"2019-10-03 10:52:12","Bayaran Proses EDUHOME DISCOVERY KR-26082019-0203","50","RENEWAL","captured","244335"
"2019-10-03 10:53:22","Bayaran Proses MENARA PRIMA ENTERPRISE KR-03102019-0047","50","RENEWAL","captured","244357"
"2019-10-03 10:54:10","Bayaran Proses SAZ JAYA RESOURCES KR-03102019-0044","50","RENEWAL","captured","244359"
"2019-10-03 10:54:17","Bayaran Proses FUGO SUPPLY KR-25092019-0025","50","RENEWAL","captured","244360"
"2019-10-03 10:54:48","Bayaran Pendaftaran VENTURE CIRCLE SDN. BHD. KN-26082019-0090","400","REGISTRATION","captured","244361"
"2019-10-03 10:56:52","Bayaran Proses GAMUDA ENGINEERING SDN BHD KN-03102019-0025","50","RENEWAL","captured","244363"
"2019-10-03 11:01:03","Bayaran Proses BINA UTUH GLOBAL KN-26092019-0051","50","RENEWAL","captured","244337"
"2019-10-03 11:03:27","Bayaran Proses EX SO ENTERPRISE KN-10092019-0158","50","RENEWAL","captured","244338"
"2019-10-03 11:04:03","Bayaran Proses KRISSJAYA HOLIDAYS SDN. BHD. KR-13082019-0050","50","RENEWAL","captured","244366"
"2019-10-03 11:06:02","Bayaran Pendaftaran NURUL ANNA ENTERPRISE KN-26092019-0072","400","REGISTRATION","captured","244340"
"2019-10-03 11:08:17","Bayaran Proses SR ENTERPRISE KN-18092019-0115","50","RENEWAL","captured","244341"
"2019-10-03 11:08:53","Bayaran Proses FATMID ENGINEERING KR-01102019-0163","50","RENEWAL","captured","244368"
"2019-10-03 11:09:51","Bayaran Pendaftaran SUFI RICH EMPIRE KR-06092019-0118","400","REGISTRATION","captured","244369"
"2019-10-03 11:12:56","Bayaran Proses GRAND CREATIVE TECHNICAL &amp;amp;amp; SERVICES KR-03102019-0063","50","RENEWAL","captured","244345"
"2019-10-03 11:13:09","Bayaran Pendaftaran MM MEGA MAJU (2) SDN. BHD. KN-01102019-0178","400","REGISTRATION","captured","244370"
"2019-10-03 11:16:39","Bayaran Proses ARKED MAJU ENTERPRISE KR-01102019-0057","50","RENEWAL","captured","244374"
"2019-10-03 11:17:13","Bayaran Proses ERNESTA ENTERPRISE KR-23092019-0047","50","RENEWAL","captured","244375"
"2019-10-03 11:18:31","Bayaran Pendaftaran KRAS INSTRUMENT &amp;amp;amp; SERVICE KR-12092019-0118","400","REGISTRATION","captured","244347"
"2019-10-03 11:18:31","Bayaran Proses MNR CAHAYA ENTERPRISE KN-02102019-0043","50","RENEWAL","captured","244377"
"2019-10-03 11:19:31","Bayaran Pendaftaran NICK AQQI TRADING KN-17092019-0105","400","REGISTRATION","captured","244379"
"2019-10-03 11:23:01","Bayaran Proses ADEPT MEDIA (M) SDN BHD KN-10092019-0039","50","RENEWAL","captured","244348"
"2019-10-03 11:23:04","Bayaran Pendaftaran SEROJA ANGGERIK TRAVEL &amp;amp;amp; TOURS SDN. BHD. KR-09072019-0144","400","REGISTRATION","captured","244384"
"2019-10-03 11:23:14","Bayaran Pendaftaran Despark Auto (Melaka) sdn Bhd KN-26092019-0155","400","REGISTRATION","captured","244383"
"2019-10-03 11:23:22","Bayaran Pendaftaran MUDIM ZAKARIA FOOD INDUSTRIES SDN BHD KN-25092019-0073","400","REGISTRATION","captured","244349"
"2019-10-03 11:31:15","Bayaran Pendaftaran I LIME ENTERPRISE KR-24092019-0150","400","REGISTRATION","captured","244385"
"2019-10-03 11:31:59","Bayaran Proses A &amp;amp;amp; N INGENIEUR JR-23092019-0005","50","RENEWAL","captured","244392"
"2019-10-03 11:32:25","Bayaran Proses D LAA TANSA ENTERPRISE KR-03102019-0071","50","RENEWAL","captured","244387"
"2019-10-03 11:35:07","Bayaran Pendaftaran SYARIKAT ALAM MESRA KN-29082019-0115","400","REGISTRATION","captured","244393"
"2019-10-03 11:38:22","Bayaran Pendaftaran MSN BERKAT JAYA ENTERPRISE KR-05092019-0040","400","REGISTRATION","captured","244389"
"2019-10-03 11:38:26","Bayaran Proses CORROCOAT CORROSION TECHNOLOGIES SDN. BHD. KR-02102019-0170","50","RENEWAL","captured","244394"
"2019-10-03 11:39:28","Bayaran Proses D ANNAJAH ENTERPRISE KR-03102019-0082","50","RENEWAL","captured","244390"
"2019-10-03 11:39:55","Bayaran Proses Edvalue Global Logistics Sdn Bhd KN-01102019-0173","50","RENEWAL","captured","244388"
"2019-10-03 11:42:30","Bayaran Pendaftaran KEJURUTERAAN KEMELAH JAYA KR-26092019-0087","400","REGISTRATION","captured","244395"
"2019-10-03 11:42:50","Bayaran Proses BENGKEL SIONG HING KR-07082019-0154","50","RENEWAL","captured","244412"
"2019-10-03 11:45:27","Bayaran Proses FIZNI RESOURCES SDN BHD KR-23092019-0088","50","RENEWAL","captured","244396"
"2019-10-03 11:49:26","Bayaran Proses DATA SOLUTIONS SDN BHD KR-03102019-0025","50","RENEWAL","captured","244397"
"2019-10-03 11:51:08","Bayaran Pendaftaran WINTAKE ADVERTISING SDN. BHD. KR-13092019-0108","400","REGISTRATION","captured","244398"
"2019-10-03 11:56:10","Bayaran Proses SYARIKAT BUNGA RAYA KR-01102019-0184","50","RENEWAL","captured","244399"
"2019-10-03 12:00:58","Bayaran Proses VASANTH ENTERPRISE KR-02102019-0175","50","RENEWAL","captured","244416"
"2019-10-03 12:05:09","Bayaran Pendaftaran PET SHOPPE KR-24092019-0118","400","REGISTRATION","captured","244400"
"2019-10-03 12:05:43","Bayaran Pendaftaran FURNITECH INDUSTRIES (M) SDN.BHD. KR-21082019-0091","400","REGISTRATION","captured","244401"
"2019-10-03 12:06:31","Bayaran Pendaftaran MUJIBIOTRIC TRADING KR-24092019-0176","400","REGISTRATION","captured","244417"
"2019-10-03 12:10:24","Bayaran Pendaftaran AFTAGREEN SDN. BHD. KR-24092019-0048","400","REGISTRATION","captured","244420"
"2019-10-03 12:10:46","Bayaran Proses DESA IDAMAN ENTERPRISE KR-02102019-0207","50","RENEWAL","captured","244421"
"2019-10-03 12:11:18","Bayaran Proses WORLDSTAR AXIS TECH SDN.BHD. KR-03102019-0065","50","RENEWAL","captured","244402"
"2019-10-03 12:11:22","Bayaran Proses PRO SWIM EXCELLENT KR-03102019-0088","50","RENEWAL","captured","244422"
"2019-10-03 12:14:04","Bayaran Pendaftaran D LA APAL ENTERPRISE KR-21092019-0015","400","REGISTRATION","captured","244403"
"2019-10-03 12:15:18","Bayaran Proses E PRIME SOLUTION KR-19092019-0206","50","RENEWAL","captured","244404"
"2019-10-03 12:21:19","Bayaran Proses MNM SYNERGY RESOURCES KN-03102019-0015","50","RENEWAL","captured","244406"
"2019-10-03 12:25:03","Bayaran Proses HIJRAH LESTARI SDN BHD KR-30092019-0122","50","RENEWAL","captured","244424"
"2019-10-03 12:33:58","Bayaran Proses AMG SALE AND SERVICES KN-03102019-0061","50","RENEWAL","captured","244410"
"2019-10-03 12:34:27","Bayaran Proses DK GLOBAL TRADE KR-30092019-0134","50","RENEWAL","captured","244409"
"2019-10-03 12:38:10","Bayaran Proses ABERMAS TRADING SDN BHD KR-02102019-0203","50","RENEWAL","captured","244427"
"2019-10-03 12:41:33","Bayaran Pendaftaran NFF TRADING &amp;amp;amp; SERVICES KN-19082019-0073","400","REGISTRATION","captured","244428"
"2019-10-03 12:42:20","Bayaran Pendaftaran SWT SUPPLY &amp;amp;amp; TRADING KN-12092019-0074","400","REGISTRATION","captured","244432"
"2019-10-03 12:44:41","Bayaran Pendaftaran ISYA MESRA ENTERPRISE KN-08092019-0020","400","REGISTRATION","captured","244429"
"2019-10-03 12:44:59","Bayaran Pendaftaran WALIUDDIN EMPIRE KN-30012019-0189","400","REGISTRATION","captured","244430"
"2019-10-03 12:55:15","Bayaran Proses AIDEL BIN ZAHRI ENTERPRISE KN-03102019-0084","50","RENEWAL","captured","244433"
"2019-10-03 12:56:00","Bayaran Pendaftaran ENIMSONS SDN BHD KN-02102019-0120","400","REGISTRATION","captured","244453"
"2019-10-03 12:57:37","Bayaran Proses TIRAJATI ENTERPRISE KR-02102019-0191","50","RENEWAL","captured","244434"
"2019-10-03 13:06:14","Bayaran Proses INSYS SYSTEMS COMPANY KR-03102019-0117","50","RENEWAL","captured","244435"
"2019-10-03 13:07:58","Bayaran Proses JAYA KENCANA ENTERPRISE KR-25092019-0081","50","RENEWAL","captured","244454"
"2019-10-03 13:09:59","Bayaran Pendaftaran AN NAZIM JAYA KN-26092019-0090","400","REGISTRATION","captured","244455"
"2019-10-03 13:11:09","Bayaran Proses CIPTAREKA KONSEP KN-03102019-0089","50","RENEWAL","captured","244457"
"2019-10-03 13:15:30","Bayaran Proses AMTREK ADVENTURE AND SUPPLY KR-03102019-0120","50","RENEWAL","captured","244437"
"2019-10-03 13:16:57","Bayaran Proses LNM TECHNIQ SDN BHD KR-03102019-0115","50","RENEWAL","captured","244438"
"2019-10-03 13:18:23","Bayaran Pendaftaran GAMANG ENTERPRISE KN-18092019-0068","400","REGISTRATION","captured","244461"
"2019-10-03 13:22:26","Bayaran Proses CENTRIO MANAGEMENT SDN. BHD KN-03102019-0071","50","RENEWAL","captured","244439"
"2019-10-03 13:23:05","Bayaran Pendaftaran K &amp;amp;amp; R WORK ENGINEERING KR-28082019-0081","400","REGISTRATION","captured","244440"
"2019-10-03 13:31:45","Bayaran Pendaftaran NISAH AVENUE TRADING KN-24092019-0192","400","REGISTRATION","captured","244465"
"2019-10-03 13:42:00","Bayaran Proses OTHMAN MOHDNOOR &amp;amp;amp; CO JR-23092019-0004","50","RENEWAL","captured","244446"
"2019-10-03 13:43:32","Bayaran Proses WANNIS MAJU ENTERPRISE KR-12092019-0037","50","RENEWAL","captured","244473"
"2019-10-03 13:45:20","Bayaran Proses KOPERASI KOLEJ KOMUNITI BALING BERHAD KN-10092019-0079","50","RENEWAL","captured","244447"
"2019-10-03 13:50:47","Bayaran Proses Bersih Tulen Sdn Bhd KN-03102019-0083","50","RENEWAL","captured","244474"
"2019-10-03 13:54:34","Bayaran Pendaftaran TAJURA JAYA SDN. BHD. KN-31072019-0028","400","REGISTRATION","captured","244478"
"2019-10-03 13:55:39","Bayaran Pendaftaran G. GENERATION AGENCY KR-08092019-0001","400","REGISTRATION","captured","244479"
"2019-10-03 13:57:14","Bayaran Proses KIM HOK HIN SDN BHD KR-03102019-0129","50","RENEWAL","captured","244449"
"2019-10-03 13:59:46","Bayaran Proses IDMA ENTERPRISE KR-03102019-0124","50","RENEWAL","captured","244480"
"2019-10-03 13:59:56","Bayaran Proses HH DAGANGAN RESOURCES KN-01102019-0113","50","RENEWAL","captured","244482"
"2019-10-03 14:04:02","Bayaran Proses CAHAYA SEJAHTERA ELECTRICAL &amp;amp;amp; SERVICES KR-13092019-0047","50","RENEWAL","captured","244485"
"2019-10-03 14:09:18","Bayaran Proses SPACE ALLIANCE CONTRACTS SDN BHD KN-25092019-0080","50","RENEWAL","captured","244486"
"2019-10-03 14:12:50","Bayaran Proses MNS MUTIARA ENTERPRISE KR-26082019-0169","50","RENEWAL","captured","244491"
"2019-10-03 14:14:52","Bayaran Pendaftaran BABA CAM HOUSE ENTERTAINMENT S KN-26092019-0004","400","REGISTRATION","captured","244487"
"2019-10-03 14:19:40","Bayaran Proses AHMAD AZLAN RESOURCES (M) SDN BHD KR-21092019-0042","50","RENEWAL","captured","244493"
"2019-10-03 14:21:40","Bayaran Proses SYAH NAQSHABANDI ENTERPRISE KN-03102019-0096","50","RENEWAL","captured","244489"
"2019-10-03 14:23:50","Bayaran Pendaftaran RAINTREE ARBORIST SDN BHD KN-02102019-0059","400","REGISTRATION","captured","244490"
"2019-10-03 14:33:23","Bayaran Proses ROBOPRENEUR SDN BHD KR-01102019-0027","50","RENEWAL","captured","244511"
"2019-10-03 14:33:55","Bayaran Pendaftaran AWAL INTELEK SDN BHD KR-23082019-0110","400","REGISTRATION","captured","244512"
"2019-10-03 14:35:13","Bayaran Proses EMPIRE GLOBAL RESOURCES KR-03102019-0133","50","RENEWAL","captured","244494"
"2019-10-03 14:39:56","Bayaran Proses AB SUKSES ENTERPRISE KN-03102019-0034","50","RENEWAL","captured","244495"
"2019-10-03 14:44:21","Bayaran Pendaftaran DWAN CATERING WEDDING AND EVENT KN-25092019-0085","400","REGISTRATION","captured","244515"
"2019-10-03 14:46:57","Bayaran Proses SELERA KAMPUNG NUQMAN KN-02102019-0158","50","RENEWAL","captured","244517"
"2019-10-03 14:51:33","Bayaran Proses MADANI AUTOMOBIL SERVICES SDN BHD KR-26092019-0059","50","RENEWAL","captured","244519"
"2019-10-03 14:53:11","Bayaran Pendaftaran BIOAPPS SDN BHD KR-02102019-0193","400","REGISTRATION","captured","244521"
"2019-10-03 14:53:44","Bayaran Proses MAJU FATHIAH RESOURCES KN-03102019-0072","50","RENEWAL","captured","244520"
"2019-10-03 14:54:40","Bayaran Proses FIHNAS TRADING KR-02102019-0160","50","RENEWAL","captured","244522"
"2019-10-03 14:54:58","Bayaran Proses HASRAT SEDAYA SDN BHD KN-06092019-0135","50","RENEWAL","captured","244523"
"2019-10-03 14:56:28","Bayaran Proses MESRA AGRO RESOURCES KR-03102019-0052","50","RENEWAL","captured","244525"
"2019-10-03 14:56:38","Bayaran Proses DNE ENTERPRISE KN-03102019-0109","50","RENEWAL","captured","244526"
"2019-10-03 14:56:56","Bayaran Proses TOP BIOPHARMA SDN. BHD. KN-20082019-0202","50","RENEWAL","captured","244497"
"2019-10-03 14:58:24","Bayaran Proses ALIAS HARUN ENTERPRISE KR-19092019-0204","50","RENEWAL","captured","244500"
"2019-10-03 14:58:56","Bayaran Proses VISIO RESOURCES SDN. BHD. KR-25092019-0040","50","RENEWAL","captured","244501"
"2019-10-03 15:01:30","Bayaran Pendaftaran MALITNET COMPUTER SERVICES SDN BHD KR-24092019-0109","400","REGISTRATION","captured","244528"
"2019-10-03 15:02:22","Bayaran Pendaftaran AGHNIA CONSULTANT JN-26092019-0003","400","REGISTRATION","captured","244530"
"2019-10-03 15:05:59","Bayaran Proses AHMAD MUJAHID ENTERPRISE KR-03102019-0053","50","RENEWAL","captured","244531"
"2019-10-03 15:06:08","Bayaran Proses ASHA GARAGE &amp;amp;amp; TRADING KR-26092019-0033","50","RENEWAL","captured","244532"
"2019-10-03 15:06:09","Bayaran Proses SYARIKAT ZAZA KR-03102019-0109","50","RENEWAL","captured","244533"
"2019-10-03 15:06:31","Bayaran Pendaftaran AZAZ SENA ENTERPRISE KR-04092019-0135","400","REGISTRATION","captured","244504"
"2019-10-03 15:07:13","Bayaran Pendaftaran SOFIAH TRAVEL SDN. BHD. KN-17092019-0116","400","REGISTRATION","captured","244534"
"2019-10-03 15:07:31","Bayaran Proses ALAF GLOBAL RESOURCES SDN BHD KN-01102019-0122","50","RENEWAL","captured","244535"
"2019-10-03 15:08:08","Bayaran Pendaftaran M.I.W.T GLOBAL RESOURCES SDN BHD KN-04092019-0120","400","REGISTRATION","captured","244505"
"2019-10-03 15:08:14","Bayaran Proses ANGGUN LUFYA TRAVEL &amp;amp;amp; TOURS SDN. BHD. KN-02102019-0179","50","RENEWAL","captured","244506"
"2019-10-03 15:08:51","Bayaran Pendaftaran HABIB ELBIE ENTERPRISE KR-22092019-0036","400","REGISTRATION","captured","244507"
"2019-10-03 15:10:01","Bayaran Proses CAHAYA ADVERTISING &amp;amp;amp; TRADING KR-18092019-0030","50","RENEWAL","captured","244508"
"2019-10-03 15:11:59","Bayaran Proses RUN NOW AGRO 3T KR-03102019-0149","50","RENEWAL","captured","244510"
"2019-10-03 15:17:02","Bayaran Proses I WANT TWO MORE LIFE KN-30092019-0060","50","RENEWAL","captured","244536"
"2019-10-03 15:20:50","Bayaran Proses TASKA SRI AMAN KN-03102019-0106","50","RENEWAL","captured","244551"
"2019-10-03 15:22:55","Bayaran Proses ALAM ASSET MANAGEMENT AND CONSULTANCY SDN BHD KR-23082019-0034","50","RENEWAL","captured","244538"
"2019-10-03 15:24:39","Bayaran Proses KARISMA INDAH ENTERPRISE KR-03102019-0140","50","RENEWAL","captured","244539"
"2019-10-03 15:25:32","Bayaran Proses BUMIJAYA SUPPLIES AND SERVICES KR-02102019-0058","50","RENEWAL","captured","244540"
"2019-10-03 15:28:25","Bayaran Proses 773673-U KN-02102019-0149","50","RENEWAL","captured","244541"
"2019-10-03 15:30:00","Bayaran Proses Percetakan Iszah KN-31082019-0011","50","RENEWAL","captured","244554"
"2019-10-03 15:30:48","Bayaran Pendaftaran QUDRATKU TRADING KN-22082019-0025","400","REGISTRATION","captured","244543"
"2019-10-03 15:33:35","Bayaran Proses NAJMI TELUK JAYA ENTERPRISE KN-24092019-0099","50","RENEWAL","captured","244556"
"2019-10-03 15:34:05","Bayaran Proses HAJATKU ENTERPRISE KR-06092019-0004","50","RENEWAL","captured","244557"
"2019-10-03 15:34:20","Bayaran Proses SK PARADISE KR-02102019-0056","50","RENEWAL","captured","244546"
"2019-10-03 15:34:35","Bayaran Proses NYOM ENTERPRISE KN-01102019-0079","50","RENEWAL","captured","244547"
"2019-10-03 15:35:02","Bayaran Pendaftaran SENI MUAFAKAT (M) SDN BHD KR-23092019-0059","400","REGISTRATION","captured","244545"
"2019-10-03 15:35:22","Bayaran Proses KARISMA TEGUH SEPAKAT ENTERPRISE KR-03102019-0142","50","RENEWAL","captured","244548"
"2019-10-03 15:37:44","Bayaran Proses OPTOMETRIS SITI &amp;amp;amp; MASTURA SDN. BHD. KR-02102019-0192","50","RENEWAL","captured","244558"
"2019-10-03 15:40:02","Bayaran Pendaftaran LAMAR DOLLAR SDN BHD KR-14082019-0159","400","REGISTRATION","captured","244549"
"2019-10-03 15:42:07","Bayaran Proses Bumi Lensa Resources KN-02102019-0214","50","RENEWAL","captured","244559"
"2019-10-03 15:43:05","Bayaran Proses NADI MHS ENTERPRISE KN-29092019-0044","50","RENEWAL","captured","244560"
"2019-10-03 15:45:08","Bayaran Pendaftaran JAKASAMA KOMPUTER &amp;amp;amp; SERVIS KR-25092019-0108","400","REGISTRATION","captured","244572"
"2019-10-03 15:45:25","Bayaran Proses BALAI BAHAGIA ENTERPRISE KR-10092019-0051","50","RENEWAL","captured","244573"
"2019-10-03 15:46:29","Bayaran Proses QUANTUM SURVEYORS SDN BHD JR-10092019-0017","50","RENEWAL","captured","244561"
"2019-10-03 15:49:26","Bayaran Proses EFICAZ MEDIA SDN BHD KR-26082019-0164","50","RENEWAL","captured","244576"
"2019-10-03 15:50:22","Bayaran Pendaftaran FAUDZI ENTERPRISE KR-01082019-0104","400","REGISTRATION","captured","244578"
"2019-10-03 15:51:00","Bayaran Proses AZIZ TECH &amp;amp;amp; ENTERPRISE KR-03102019-0148","50","RENEWAL","captured","244579"
"2019-10-03 15:54:17","Bayaran Proses AM RICH TRADING SDN BHD KR-01102019-0139","50","RENEWAL","captured","244582"
"2019-10-03 15:54:48","Bayaran Proses AL-MUTTAKIN TRAVEL &amp;amp;amp; TOURS SDN. BHD. KR-01082019-0142","50","RENEWAL","captured","244583"
"2019-10-03 15:54:50","Bayaran Proses LSK STRUCTURE CONSTRUCTION KN-03102019-0111","50","RENEWAL","captured","244564"
"2019-10-03 15:56:22","Bayaran Proses MUTIARA EVENT MANAGEMENT &amp;amp;amp; SUPPLIES KR-02102019-0133","50","RENEWAL","captured","244584"
"2019-10-03 15:57:22","Bayaran Pendaftaran NURJAYA TRADING COMPANY KR-10092019-0120","400","REGISTRATION","captured","244586"
"2019-10-03 15:57:32","Bayaran Pendaftaran EASTERN BRIGHT RESOURCES KN-26092019-0068","400","REGISTRATION","captured","244587"
"2019-10-03 15:58:00","Bayaran Pendaftaran SAUJANA KLEBANG ENTERPRISE KN-26092019-0098","400","REGISTRATION","captured","244566"
"2019-10-03 15:58:39","Bayaran Proses GADZEETENT COMPANY KN-03102019-0091","50","RENEWAL","captured","244588"
"2019-10-03 15:58:55","Bayaran Proses WINCORE SDN. BHD. KR-26092019-0150","50","RENEWAL","captured","244567"
"2019-10-03 15:59:54","Bayaran Pendaftaran Fajar Harapan Enterprise KN-25072019-0146","400","REGISTRATION","captured","244590"
"2019-10-03 16:03:57","Bayaran Proses RAWI DAN MAHADI ENTERPRISE KR-02102019-0227","50","RENEWAL","captured","244569"
"2019-10-03 16:07:09","Bayaran Pendaftaran HOME STYLE FURNITURE AND TRADING KN-19092019-0108","400","REGISTRATION","captured","244612"
"2019-10-03 16:12:12","Bayaran Proses MEGA INDAH ENTERPRISE KN-03102019-0129","50","RENEWAL","captured","244599"
"2019-10-03 16:13:36","Bayaran Pendaftaran SS SECURITIES SDN BHD KR-25092019-0029","400","REGISTRATION","captured","244616"
"2019-10-03 16:14:58","Bayaran Proses GKSH SDN. BHD. KN-02102019-0156","50","RENEWAL","captured","244618"
"2019-10-03 16:15:42","Bayaran Pendaftaran DNV GL MALAYSIA SDN BHD KR-02102019-0044","400","REGISTRATION","captured","244620"
"2019-10-03 16:15:49","Bayaran Proses F NAN ENTERPRISE KR-03102019-0180","50","RENEWAL","captured","244621"
"2019-10-03 16:18:12","Bayaran Proses SYANIS ENTERPRISE KR-23092019-0036","50","RENEWAL","captured","244623"
"2019-10-03 16:19:53","Bayaran Proses ZULNI CANGGIH ENTERPRISE KR-15092019-0032","50","RENEWAL","captured","244603"
"2019-10-03 16:22:25","Bayaran Proses NING VENTURE KN-26082019-0177","50","RENEWAL","captured","244604"
"2019-10-03 16:23:54","Bayaran Proses KOPERASI FELDA PALONG TIMUR DUA BERHAD KR-21082019-0191","50","RENEWAL","captured","244606"
"2019-10-03 16:26:16","Bayaran Proses AZEMY TRADING KR-22092019-0040","50","RENEWAL","captured","244626"
"2019-10-03 16:27:33","Bayaran Pendaftaran RUSBI BINTI JAAFAR KR-08082019-0056","400","REGISTRATION","captured","244607"
"2019-10-03 16:28:15","Bayaran Proses NORRODIN FAMILY SDN. BHD. KR-12092019-0075","50","RENEWAL","captured","244609"
"2019-10-03 16:29:59","Bayaran Proses SS EVO RESOURCES KN-03102019-0123","50","RENEWAL","captured","244628"
"2019-10-03 16:30:09","Bayaran Pendaftaran FISSAD ENTERPRISE KN-20092019-0083","400","REGISTRATION","captured","244610"
"2019-10-03 16:33:15","Bayaran Pendaftaran NHL NIAGA KN-03092019-0008","400","REGISTRATION","captured","244633"
"2019-10-03 16:33:48","Bayaran Proses EDGE BLOOM SOLUTION KR-03102019-0139","50","RENEWAL","captured","244634"
"2019-10-03 16:36:15","Bayaran Proses SEPANG SAUJANA SDN BHD KR-24092019-0142","50","RENEWAL","captured","244629"
"2019-10-03 16:37:19","Bayaran Proses HILWAH TRADING SDN. BHD. KR-05082019-0216","50","RENEWAL","captured","244638"
"2019-10-03 16:40:04","Bayaran Pendaftaran Berkatguru Enterprise KN-20082019-0039","400","REGISTRATION","captured","244651"
"2019-10-03 16:41:56","Bayaran Pendaftaran SK REEZE ENTERPRISE KN-23092019-0157","400","REGISTRATION","captured","244641"
"2019-10-03 16:43:01","Bayaran Proses BARLIAN ENTERPRISE KN-21092019-0041","50","RENEWAL","captured","244652"
"2019-10-03 16:47:56","Bayaran Pendaftaran FS ALAM MUDA ENTERPRISE KR-20092019-0153","400","REGISTRATION","captured","244643"
"2019-10-03 16:52:52","Bayaran Proses KACA ARCHITECTS SDN BHD JR-29082019-0008","50","RENEWAL","captured","244646"
"2019-10-03 16:54:41","Bayaran Pendaftaran SOL N SONS SDN. BHD. KR-13092019-0049","400","REGISTRATION","captured","244647"
"2019-10-03 16:56:13","Bayaran Proses NZR IZNA ENTERPRISE KR-03102019-0064","50","RENEWAL","captured","244649"
"2019-10-03 16:56:43","Bayaran Proses HRA CONSTRUCTION SDN BHD KR-24092019-0078","50","RENEWAL","captured","244654"
"2019-10-03 16:56:57","Bayaran Pendaftaran NORNI &amp;amp;amp; FAMILY KR-15082019-0031","400","REGISTRATION","captured","244650"
"2019-10-03 16:57:07","Bayaran Pendaftaran NS SEPAKAT ENTERPRISE KR-19092019-0082","400","REGISTRATION","captured","244655"
"2019-10-03 17:04:19","Bayaran Proses QALA HANA KN-24092019-0190","50","RENEWAL","captured","244674"
"2019-10-03 17:06:37","Bayaran Proses ASIA PLATFORM ENTERPRISE KN-03102019-0135","50","RENEWAL","captured","244676"
"2019-10-03 17:06:42","Bayaran Proses HERTECH RESOURCES KR-17092019-0124","50","RENEWAL","captured","244656"
"2019-10-03 17:06:59","Bayaran Proses HS CREATIVE RESOURCES SDN.BHD. KR-03102019-0101","50","RENEWAL","captured","244657"
"2019-10-03 17:08:10","Bayaran Pendaftaran BK BERSATU KN-04092019-0101","400","REGISTRATION","captured","244677"
"2019-10-03 17:15:45","Bayaran Proses SAUJANA ANEKA ENTERPRISE KR-03102019-0137","50","RENEWAL","captured","244678"
"2019-10-03 17:20:36","Bayaran Proses ROHAS LEGACY ENTERPRISE KN-03102019-0069","50","RENEWAL","captured","244658"
"2019-10-03 17:24:53","Bayaran Proses RAMUZI CREST SDN.BHD. KN-24092019-0169","50","RENEWAL","captured","244659"
"2019-10-03 17:28:06","Bayaran Proses RAUDHAH CITY SDN. BHD. KN-26092019-0058","50","RENEWAL","captured","244662"
"2019-10-03 17:29:09","Bayaran Proses BADSYAM TRADING KN-20092019-0132","50","RENEWAL","captured","244680"
"2019-10-03 17:31:40","Bayaran Proses EXPERTISE FIREARMS SDN BHD KN-25092019-0181","50","RENEWAL","captured","244663"
"2019-10-03 17:32:28","Bayaran Proses ISRAQ SEJAHTERA TRADING KR-30092019-0102","50","RENEWAL","captured","244665"
"2019-10-03 17:32:58","Bayaran Proses MEWAH RIA TRADING KN-02102019-0155","50","RENEWAL","captured","244681"
"2019-10-03 17:39:38","Bayaran Proses ANEEMS SYAZA ENTERPRISE KN-01102019-0078","50","RENEWAL","captured","244666"
"2019-10-03 17:45:02","Bayaran Proses MBH SINAR ENTERPRISE KN-03102019-0125","50","RENEWAL","captured","244684"
"2019-10-03 17:47:14","Bayaran Proses RH BERSATU SDN BHD KN-03102019-0164","50","RENEWAL","captured","244667"
"2019-10-03 17:57:21","Bayaran Proses MSHY BESTARI ENTERPRISE KN-02102019-0016","50","RENEWAL","captured","244668"
"2019-10-03 18:01:26","Bayaran Proses AL BARRU CHEMICAL SDN BHD KN-01102019-0140","50","RENEWAL","captured","244669"
"2019-10-03 18:05:15","Bayaran Pendaftaran NZM TEGUH RESOURCES KN-06082019-0158","400","REGISTRATION","captured","244691"
"2019-10-03 18:06:04","Bayaran Pendaftaran KENMAS TRADING KR-11092019-0180","400","REGISTRATION","captured","244670"
"2019-10-03 18:09:27","Bayaran Proses RG TEGAP ENTERPRISE KN-03102019-0174","50","RENEWAL","captured","244692"
"2019-10-03 18:11:58","Bayaran Proses TINATA UNITED TRADING KN-29092019-0049","50","RENEWAL","captured","244693"
"2019-10-03 18:17:22","Bayaran Pendaftaran M.M CATERING KN-02102019-0199","400","REGISTRATION","captured","244711"
"2019-10-03 18:21:47","Bayaran Proses AHBA BUILDER SDN BHD KN-02102019-0119","50","RENEWAL","captured","244694"
"2019-10-03 18:48:36","Bayaran Proses AYANG HEBAT ENTERPRISE KN-01102019-0152","50","RENEWAL","captured","244712"
"2019-10-03 18:52:43","Bayaran Proses ILHAM HAQQ ENTERPRISE KN-01102019-0009","50","RENEWAL","captured","244696"
"2019-10-03 18:58:07","Bayaran Pendaftaran FAJA SAMA ENTERPRISE KR-04092019-0171","400","REGISTRATION","captured","244714"
"2019-10-03 19:01:39","Bayaran Proses NUR HIGHTECH SOLUTION KN-21082019-0182","50","RENEWAL","captured","244715"
"2019-10-03 19:30:52","Bayaran Proses MS MAJU 63 TRADING KN-03102019-0142","50","RENEWAL","captured","244717"
"2019-10-03 19:39:41","Bayaran Pendaftaran ANGGERIK SEPAKAT MAJU KR-10092019-0182","400","REGISTRATION","captured","244700"
"2019-10-03 19:41:51","Bayaran Pendaftaran IMPIAN SETAPAK GEMILANG KR-23092019-0170","400","REGISTRATION","captured","244701"
"2019-10-03 20:00:22","Bayaran Pendaftaran AIKUKIS DELICACIES KN-11092019-0003","400","REGISTRATION","captured","244720"
"2019-10-03 20:08:13","Bayaran Proses SYARIKAT PUTERI TIGA KR-03102019-0125","50","RENEWAL","captured","244702"
"2019-10-03 20:11:10","Bayaran Pendaftaran JASRA ENTERPRISE KR-03102019-0143","400","REGISTRATION","captured","244703"
"2019-10-03 20:15:43","Bayaran Proses NOR HAFIZAH BINTI HARUN KR-03102019-0222","50","RENEWAL","captured","244721"
"2019-10-03 20:17:42","Bayaran Pendaftaran EFFICIENT FRONTIER PRINCIPAL SDN BHD KR-28082019-0149","400","REGISTRATION","captured","244722"
"2019-10-03 20:22:12","Bayaran Proses VALLINME TECHNOLOGIES SDN. BHD. KR-03102019-0223","50","RENEWAL","captured","244705"
"2019-10-03 20:27:03","Bayaran Pendaftaran ECSI ENTERPRISE SDN BHD KN-13082019-0152","400","REGISTRATION","captured","244706"
"2019-10-03 20:43:32","Bayaran Proses NASI PAYAU RESTORAN KN-02102019-0180","50","RENEWAL","captured","244733"
"2019-10-03 20:46:22","Bayaran Proses BT PRIME RESOURCES KR-14082019-0201","50","RENEWAL","captured","244723"
"2019-10-03 20:48:31","Bayaran Pendaftaran PS MUTIARA SUPPLIES ENTERPRISE KR-24092019-0195","400","REGISTRATION","captured","244724"
"2019-10-03 20:57:28","Bayaran Pendaftaran EL MUHAMMAD GLOBAL TRADING &amp;amp;amp; SERVICES KN-02102019-0194","400","REGISTRATION","captured","244734"
"2019-10-03 20:58:30","Bayaran Proses SYARIKAT MEWAH JAYA KR-23092019-0071","50","RENEWAL","captured","244725"
"2019-10-03 21:19:07","Bayaran Proses USAHA DAYA ENTERPRISE KR-23092019-0178","50","RENEWAL","captured","244727"
"2019-10-03 21:20:41","Bayaran Proses AW PROPERTY CONSULTANCY KN-30092019-0147","50","RENEWAL","captured","244728"
"2019-10-03 21:22:09","Bayaran Proses MSY SERVICES KN-28092019-0024","50","RENEWAL","captured","244736"
"2019-10-03 21:25:29","Bayaran Pendaftaran SG ISTIQAMAH ENTERPRISE KN-23092019-0105","400","REGISTRATION","captured","244729"
"2019-10-03 21:43:35","Bayaran Proses NATURE KHARIJA ENTERPRISE KR-03102019-0229","50","RENEWAL","captured","244738"
"2019-10-03 21:47:19","Bayaran Pendaftaran ABADI GEMILANG KR-14082019-0210","400","REGISTRATION","captured","244752"
"2019-10-03 21:49:06","Bayaran Pendaftaran MEDICSENSE HEALTH SOLUTION KN-24092019-0013","400","REGISTRATION","captured","244740"
"2019-10-03 21:52:33","Bayaran Pendaftaran FIRA KLASIK ENTERPRISE KR-27092019-0130","400","REGISTRATION","captured","244753"
"2019-10-03 21:55:46","Bayaran Pendaftaran STROMAB SHORE SDN BHD KR-23092019-0220","400","REGISTRATION","captured","244741"
"2019-10-03 22:08:24","Bayaran Proses AHCIK SERVICES KR-06092019-0002","50","RENEWAL","captured","244743"
"2019-10-03 22:08:43","Bayaran Proses IKAN BAKAR TOLIB KN-03102019-0133","50","RENEWAL","captured","244745"
"2019-10-03 22:08:44","Bayaran Proses NURAISYAH TRADING KR-14092019-0007","50","RENEWAL","captured","244744"
"2019-10-03 22:32:25","Bayaran Pendaftaran MAK ITA CATERING &amp;amp;amp; FROZEN KR-02102019-0003","400","REGISTRATION","captured","244747"
"2019-10-03 22:33:10","Bayaran Proses AL AHMADIS ENTERPRISE KN-05082019-0053","50","RENEWAL","captured","244755"
"2019-10-03 22:49:30","Bayaran Proses OPTEL SDN BHD KR-03102019-0075","50","RENEWAL","captured","244756"
"2019-10-03 23:06:40","Bayaran Pendaftaran RADORA CITY ENTERPRISE KN-25082019-0057","400","REGISTRATION","captured","244758"
"2019-10-03 23:12:04","Bayaran Proses ARAKUASA SERVICES KR-02102019-0017","50","RENEWAL","captured","244748"
"2019-10-03 23:39:21","Bayaran Pendaftaran HUSMALLS GLOBAL RESOURCES KN-25092019-0004","400","REGISTRATION","captured","244759"
"2019-10-03 23:40:25","Bayaran Pendaftaran ZAINUDDIN BIN SEPIAN KR-30092019-0031","400","REGISTRATION","captured","244760"
"2019-10-03 01:23:51","Bayaran Proses REEZ TINIEY ENTERPRISE KN-24092019-0003","50","RENEWAL","captured","244203"
"2019-10-03 08:00:25","Bayaran Pendaftaran EL D RICHIE ENTERPRISE KN-15072019-0080","400","REGISTRATION","captured","244214"
"2019-10-03 08:33:21","Bayaran Proses ZEE BEE RESOURCES KN-02102019-0007","50","RENEWAL","captured","244237"
"2019-10-03 09:18:19","Bayaran Pendaftaran SYARIKAT CAKAH URUSHARTA KR-29072019-0014","400","REGISTRATION","captured","244220"
"2019-10-03 09:20:02","Bayaran Pendaftaran PERBADANAN MELAKA HOLDING SDN. BHD. KR-13082019-0155","400","REGISTRATION","captured","244222"
"2019-10-03 09:22:00","Bayaran Pendaftaran PHOSPHATE RESOURCES (MALAYSIA) SDN BHD KN-30092019-0077","400","REGISTRATION","captured","244254"
"2019-10-03 09:35:48","Bayaran Proses SETIA KRISTAL ENTERPRISE KR-02102019-0211","50","RENEWAL","captured","244260"
"2019-10-03 09:49:52","Bayaran Pendaftaran REIGN ASSOCIATES SDN BHD KN-03082019-0020","400","REGISTRATION","captured","244273"
"2019-10-03 10:04:20","Bayaran Pendaftaran AZILINA AHMAD ENTERPRISE KN-05092019-0060","400","REGISTRATION","captured","244292"
"2019-10-03 10:19:20","Bayaran Proses clickTRUE (M) Sdn Bhd KN-02102019-0136","50","RENEWAL","captured","244315"
"2019-10-03 10:30:58","Bayaran Proses RDC EVENT MANAGEMENT KN-03102019-0038","50","RENEWAL","captured","244306"
"2019-10-03 10:31:32","Bayaran Proses BORNEO DOTCOM CAR RENTAL &amp;amp;amp; SERVICES SDN BHD KN-20082019-0085","50","RENEWAL","captured","244309"
"2019-10-03 10:47:22","Bayaran Pendaftaran IMAN TRANSTOURS SDN BHD KN-08092019-0029","400","REGISTRATION","captured","244353"
"2019-10-03 10:48:52","Bayaran Pendaftaran JBB HOTELS SDN BHD KR-03102019-0023","400","REGISTRATION","captured","244354"
"2019-10-03 10:51:41","Bayaran Pendaftaran PERUSAHAAN PERABOT SOON HUAT KN-02102019-0093","400","REGISTRATION","captured","244356"
"2019-10-03 10:53:47","Bayaran Pendaftaran IR LAW SDN. BHD. KR-05092019-0054","400","REGISTRATION","captured","244358"
"2019-10-03 11:22:04","Bayaran Proses LN MAKMUR SDN BHD KR-03102019-0041","50","RENEWAL","captured","244380"
"2019-10-03 11:32:09","Bayaran Pendaftaran MYSEMINARS SDN BHD KR-17092019-0065","400","REGISTRATION","captured","244386"
"2019-10-03 11:43:34","Bayaran Proses BP SEJAHTERA AMIN SDN BHD KR-12092019-0128","50","RENEWAL","captured","244413"
"2019-10-03 12:16:12","Bayaran Proses PAYA MERAH ENTERPRISE KR-25092019-0111","50","RENEWAL","captured","244405"
"2019-10-03 12:37:44","Bayaran Proses RESTORAN JOM TARIK SDN. BHD. KN-03102019-0079","50","RENEWAL","captured","244426"
"2019-10-03 13:14:22","Bayaran Proses ADVANCE HOTEL SUPPLIES (M) SDN BHD KR-20092019-0025","50","RENEWAL","captured","244459"
"2019-10-03 13:22:35","Bayaran Pendaftaran FIF GLAXY ENTERPRISE KN-01092019-0005","400","REGISTRATION","captured","244462"
"2019-10-03 13:23:21","Bayaran Proses BZ PHOENIX MARKETING KN-01102019-0038","50","RENEWAL","captured","244463"
"2019-10-03 13:37:24","Bayaran Proses MS PADU ENTERPRISE KR-03102019-0122","50","RENEWAL","captured","244470"
"2019-10-03 13:38:16","Bayaran Pendaftaran ZAZA PERMAI VENTURES KR-25092019-0027","400","REGISTRATION","captured","244443"
"2019-10-03 13:51:53","Bayaran Pendaftaran AINA ARIFFIN ENTERPRISE KN-26092019-0129","400","REGISTRATION","captured","244475"
"2019-10-03 14:02:23","Bayaran Pendaftaran FASHION CURTAIN DECO UNDER ONE ROOF KR-02102019-0001","400","REGISTRATION","captured","244450"
"2019-10-03 14:03:09","Bayaran Proses SS Medico Supplies Sdn Bhd KN-01102019-0069","50","RENEWAL","captured","244484"
"2019-10-03 15:11:45","Bayaran Proses ZAINUDIN BIN EMBONG KR-03102019-0153","50","RENEWAL","captured","244509"
"2019-10-03 15:32:37","Bayaran Proses WINTAKE SDN BHD KR-19092019-0051","50","RENEWAL","captured","244555"
"2019-10-03 15:48:09","Bayaran Proses GURUREALITI SDN BHD KR-19092019-0176","50","RENEWAL","captured","244574"
"2019-10-03 15:50:08","Bayaran Proses VERSE ADVISORY SDN BHD KR-02102019-0039","50","RENEWAL","captured","244577"
"2019-10-03 16:05:15","Bayaran Pendaftaran annizam construction sdn. bhd. KN-19092019-0145","400","REGISTRATION","captured","244592"
"2019-10-03 16:06:07","Bayaran Proses SYARIKAT AHMAD BERSAUDARA KR-01102019-0062","50","RENEWAL","captured","244570"
"2019-10-03 16:09:24","Bayaran Pendaftaran Four Seasons Event Management Sdn Bhd KN-14082019-0110","400","REGISTRATION","captured","244596"
"2019-10-03 16:09:39","Bayaran Proses FARMASI UTAMA KR-03102019-0144","50","RENEWAL","captured","244613"
"2019-10-03 16:10:08","Bayaran Proses SYARIKAT NASIBAH KR-27092019-0075","50","RENEWAL","captured","244598"
"2019-10-03 16:13:10","Bayaran Proses PUNCAK SENTOSA SDN BHD KR-02102019-0163","50","RENEWAL","captured","244615"
"2019-10-03 16:15:31","Bayaran Pendaftaran KIA KITARAN ENTERPRISE KR-13082019-0074","400","REGISTRATION","captured","244619"
"2019-10-03 16:16:02","Bayaran Pendaftaran HARAPAN UTAMA SDN. BHD. KR-30082019-0015","400","REGISTRATION","captured","244622"
"2019-10-03 16:19:29","Bayaran Proses SYARIKAT SRI GADING, BINTULU KR-28092019-0026","50","RENEWAL","captured","244602"
"2019-10-03 16:22:55","Bayaran Proses NADIRAH ROSLI ENTERPRISE KN-03102019-0138","50","RENEWAL","captured","244605"
"2019-10-03 17:03:09","Bayaran Pendaftaran YATA JASAMEDIA SDN.BHD. KN-02102019-0028","400","REGISTRATION","captured","244673"
"2019-10-03 17:18:19","Bayaran Proses SATRIA ENTERPRISE KN-03102019-0103","50","RENEWAL","captured","244679"
"2019-10-03 17:29:05","Bayaran Proses PRIMA SPORT AND PLAY SDN. BHD. KR-09082019-0138","50","RENEWAL","captured","244660"
"2019-10-03 17:46:47","Bayaran Proses GEMILANG ENTERPRISE KR-03102019-0209","50","RENEWAL","captured","244685"
"2019-10-03 17:50:30","Bayaran Proses SINAR MESRA SERVICES SDN BHD KR-03102019-0201","50","RENEWAL","captured","244686"
"2019-10-03 17:53:58","Bayaran Proses SINAR MESRA SERVICES KR-03102019-0212","50","RENEWAL","captured","244687"
"2019-10-03 19:12:13","Bayaran Proses AZYY ENTERPRISE KR-26092019-0141","50","RENEWAL","captured","244698"
"2019-10-03 19:14:41","Bayaran Proses Kejuruteraan Aditeknik (M) Sdn Bhd KN-25092019-0200","50","RENEWAL","captured","244699"
"2019-10-03 21:18:48","Bayaran Proses SAFE SHIELD SECURITY SDN BHD KN-03102019-0181","50","RENEWAL","captured","244735"
"2019-10-03 21:45:21","Bayaran Pendaftaran MDF RESOURCES KR-30092019-0002","400","REGISTRATION","captured","244739"
"2019-10-03 22:14:46","Bayaran Pendaftaran Antenna Entertainments Sdn Bhd KN-02102019-0184","400","REGISTRATION","captured","244746"
"2019-10-03 23:44:37","Bayaran Proses NORY CATERING KN-03102019-0199","50","RENEWAL","captured","244761"
"2019-10-03 10:10:11","Bayaran Proses FATMID ENGINEERING KR-01102019-0163","50","RENEWAL","blocked","244281"
"2019-10-03 10:39:42","Bayaran Proses REZEKI RIZZARA ENTERPRISE KR-03102019-0039","50","RENEWAL","blocked","244332"
"2019-10-03 10:40:00","Bayaran Proses REZEKI RIZZARA ENTERPRISE KR-03102019-0039","50","RENEWAL","blocked","244332"
"2019-10-03 11:02:11","Bayaran Proses EX SO ENTERPRISE KN-10092019-0158","50","RENEWAL","blocked","244336"
"2019-10-03 11:17:09","Bayaran Proses VISIO RESOURCES SDN. BHD. KR-25092019-0040","50","RENEWAL","blocked","244373"
"2019-10-03 11:21:31","Bayaran Proses VISIO RESOURCES SDN. BHD. KR-25092019-0040","50","RENEWAL","blocked","244378"
"2019-10-03 13:42:43","Bayaran Proses WANNIS MAJU ENTERPRISE KR-12092019-0037","50","RENEWAL","blocked","244444"
"2019-10-03 16:13:07","Bayaran Proses JALIN TTDI MEKANIKAL SERVICES KN-28092019-0007","50","RENEWAL","blocked","244600"
"2019-10-03 16:03:56","Bayaran Pendaftaran annizam construction sdn. bhd. KN-19092019-0145","400","REGISTRATION","blocked","244568"
"2019-10-03 09:48:53","Bayaran Pendaftaran REIGN ASSOCIATES SDN BHD KN-03082019-0020","400","REGISTRATION","blocked","244269"
"2019-10-03 13:32:46","Bayaran Pendaftaran PEMBORONG AZRI KR-06072019-0006","400","REGISTRATION","blocked","244441"
"2019-10-03 16:33:28","Bayaran Pendaftaran SK REEZE ENTERPRISE KN-23092019-0157","400","REGISTRATION","blocked","244632"
"2019-10-03 07:32:03","Bayaran Proses ILHAM HAQQ ENTERPRISE KN-01102019-0009","50","RENEWAL","failed","244207"
"2019-10-03 07:35:14","Bayaran Proses ILHAM HAQQ ENTERPRISE KN-01102019-0009","50","RENEWAL","failed","244208"
"2019-10-03 08:52:45","Bayaran Pendaftaran INTEC TECHNICAL SERVICES SDN BHD KN-24092019-0160","400","REGISTRATION","failed","244246"
"2019-10-03 08:53:14","Bayaran Proses BORNEO SAFETY (T) ENTERPRISE KR-08082019-0134","50","RENEWAL","failed","244216"
"2019-10-03 08:58:31","Bayaran Proses INSING INTERIOR DECOR KN-30092019-0114","50","RENEWAL","failed","244247"
"2019-10-03 09:07:01","Bayaran Proses BORNEO SAFETY (T) ENTERPRISE KR-08082019-0134","50","RENEWAL","failed","244217"
"2019-10-03 09:13:02","Bayaran Pendaftaran OLIVE TREE CONCEPTS SDN BHD KR-26092019-0125","400","REGISTRATION","failed","244218"
"2019-10-03 09:17:09","Bayaran Pendaftaran SYARIKAT CAKAH URUSHARTA KR-29072019-0014","400","REGISTRATION","failed","244219"
"2019-10-03 09:28:08","Bayaran Pendaftaran WARISAN JUARA PADU SDN. BHD. KN-14092019-0012","400","REGISTRATION","failed","244225"
"2019-10-03 09:37:56","Bayaran Proses DUTA WANGSA GLOBAL RESOURCES KN-01102019-0206","50","RENEWAL","failed","244227"
"2019-10-03 09:46:28","Bayaran Pendaftaran REIGN ASSOCIATES SDN BHD KN-03082019-0020","400","REGISTRATION","failed","244269"
"2019-10-03 09:50:23","Bayaran Pendaftaran NORAZILAH BINTI ABDULLAH KN-25092019-0043","400","REGISTRATION","failed","244274"
"2019-10-03 09:52:57","Bayaran Proses D AYUH RASA SDN BHD KR-28082019-0134","50","RENEWAL","failed","244276"
"2019-10-03 10:06:46","Bayaran Proses Antenna Entertainments Sdn Bhd KN-02102019-0184","50","RENEWAL","failed","244285"
"2019-10-03 10:13:11","Bayaran Proses NAZZ IMAGE ENTERPRISE KR-11092019-0182","50","RENEWAL","failed","244298"
"2019-10-03 10:25:04","Bayaran Proses FATMID ENGINEERING KR-01102019-0163","50","RENEWAL","failed","244320"
"2019-10-03 10:38:29","Bayaran Proses REZEKI RIZZARA ENTERPRISE KR-03102019-0039","50","RENEWAL","failed","244332"
"2019-10-03 11:00:17","Bayaran Proses EX SO ENTERPRISE KN-10092019-0158","50","RENEWAL","failed","244336"
"2019-10-03 11:06:06","Bayaran Pendaftaran MM MEGA MAJU (2) SDN. BHD. KN-01102019-0178","400","REGISTRATION","failed","244339"
"2019-10-03 11:13:37","Bayaran Pendaftaran SEROJA ANGGERIK TRAVEL &amp;amp;amp; TOURS SDN. BHD. KR-09072019-0144","400","REGISTRATION","failed","244371"
"2019-10-03 11:16:38","Bayaran Proses VISIO RESOURCES SDN. BHD. KR-25092019-0040","50","RENEWAL","failed","244373"
"2019-10-03 11:18:07","Bayaran Pendaftaran I LIME ENTERPRISE KR-24092019-0150","400","REGISTRATION","failed","244346"
"2019-10-03 11:19:22","Bayaran Proses VISIO RESOURCES SDN. BHD. KR-25092019-0040","50","RENEWAL","failed","244378"
"2019-10-03 11:22:04","Bayaran Proses VISIO RESOURCES SDN. BHD. KR-25092019-0040","50","RENEWAL","failed","244381"
"2019-10-03 11:23:12","Bayaran Proses VISIO RESOURCES SDN. BHD. KR-25092019-0040","50","RENEWAL","failed","244350"
"2019-10-03 11:50:20","Bayaran Proses OPTEL SDN BHD KR-03102019-0075","50","RENEWAL","failed","244414"
"2019-10-03 11:54:17","Bayaran Proses OPTEL SDN BHD KR-03102019-0075","50","RENEWAL","failed","244415"
"2019-10-03 12:08:46","Bayaran Pendaftaran Four Seasons Event Management Sdn Bhd KN-14082019-0110","400","REGISTRATION","failed","244418"
"2019-10-03 12:29:25","Bayaran Proses ILHAM HAQQ ENTERPRISE KN-01102019-0009","50","RENEWAL","failed","244407"
"2019-10-03 12:29:54","Bayaran Proses OPTEL SDN BHD KR-03102019-0075","50","RENEWAL","failed","244425"
"2019-10-03 12:31:11","Bayaran Proses ILHAM HAQQ ENTERPRISE KN-01102019-0009","50","RENEWAL","failed","244408"
"2019-10-03 12:48:09","Bayaran Pendaftaran ARIFA IDAMAN ENTERPRISE KN-18092019-0165","400","REGISTRATION","failed","244451"
"2019-10-03 12:53:06","Bayaran Proses TIRAJATI ENTERPRISE KR-02102019-0191","50","RENEWAL","failed","244452"
"2019-10-03 13:10:55","Bayaran Proses SYARIKAT TUAH JAYA KR-19092019-0239","50","RENEWAL","failed","244456"
"2019-10-03 13:12:45","Bayaran Proses SYARIKAT TUAH JAYA KR-19092019-0239","50","RENEWAL","failed","244458"
"2019-10-03 13:14:32","Bayaran Proses SYARIKAT TUAH JAYA KR-19092019-0239","50","RENEWAL","failed","244436"
"2019-10-03 13:29:02","Bayaran Pendaftaran PEMBORONG AZRI KR-06072019-0006","400","REGISTRATION","failed","244441"
"2019-10-03 13:34:12","Bayaran Pendaftaran PEMBORONG AZRI KR-06072019-0006","400","REGISTRATION","failed","244466"
"2019-10-03 13:39:40","Bayaran Proses WANNIS MAJU ENTERPRISE KR-12092019-0037","50","RENEWAL","failed","244444"
"2019-10-03 13:52:38","Bayaran Pendaftaran G. GENERATION AGENCY KR-08092019-0001","400","REGISTRATION","failed","244476"
"2019-10-03 13:54:29","Bayaran Pendaftaran G. GENERATION AGENCY KR-08092019-0001","400","REGISTRATION","failed","244477"
"2019-10-03 13:59:01","Bayaran Proses SS Medico Supplies Sdn Bhd KN-01102019-0069","50","RENEWAL","failed","244481"
"2019-10-03 14:00:49","Bayaran Proses SS Medico Supplies Sdn Bhd KN-01102019-0069","50","RENEWAL","failed","244483"
"2019-10-03 14:13:47","Bayaran Proses BORNEO SAFETY (T) ENTERPRISE KR-08082019-0134","50","RENEWAL","failed","244492"
"2019-10-03 14:43:23","Bayaran Proses SYARIKAT BAYU-BY-HIMSY KN-03102019-0104","50","RENEWAL","failed","244514"
"2019-10-03 14:47:09","Bayaran Proses MD QUALITY RESOURCES KR-20092019-0101","50","RENEWAL","failed","244516"
"2019-10-03 14:51:12","Bayaran Pendaftaran BIOAPPS SDN BHD KR-02102019-0193","400","REGISTRATION","failed","244496"
"2019-10-03 14:57:29","Bayaran Proses CAHAYA ADVERTISING &amp;amp;amp; TRADING KR-18092019-0030","50","RENEWAL","failed","244527"
"2019-10-03 15:01:20","Bayaran Proses AHMAD MUJAHID ENTERPRISE KR-03102019-0053","50","RENEWAL","failed","244499"
"2019-10-03 15:26:54","Bayaran Proses QUANTUM SURVEYORS SDN BHD JR-10092019-0017","50","RENEWAL","failed","244552"
"2019-10-03 15:30:22","Bayaran Proses QUANTUM SURVEYORS SDN BHD JR-10092019-0017","50","RENEWAL","failed","244542"
"2019-10-03 15:40:10","Bayaran Proses QUANTUM SURVEYORS SDN BHD JR-10092019-0017","50","RENEWAL","failed","244544"
"2019-10-03 15:55:59","Bayaran Proses FARMASI UTAMA KR-03102019-0144","50","RENEWAL","failed","244581"
"2019-10-03 16:05:31","Bayaran Proses MEGA INDAH ENTERPRISE KN-03102019-0129","50","RENEWAL","failed","244591"
"2019-10-03 16:08:27","Bayaran Pendaftaran KIA KITARAN ENTERPRISE KR-13082019-0074","400","REGISTRATION","failed","244611"
"2019-10-03 16:10:07","Bayaran Proses JALIN TTDI MEKANIKAL SERVICES KN-28092019-0007","50","RENEWAL","failed","244595"
"2019-10-03 16:12:33","Bayaran Proses JALIN TTDI MEKANIKAL SERVICES KN-28092019-0007","50","RENEWAL","failed","244600"
"2019-10-03 16:14:00","Bayaran Proses JALIN TTDI MEKANIKAL SERVICES KN-28092019-0007","50","RENEWAL","failed","244617"
"2019-10-03 16:19:02","Bayaran Pendaftaran NZM TEGUH RESOURCES KN-06082019-0158","400","REGISTRATION","failed","244624"
"2019-10-03 16:30:25","Bayaran Proses JALIN TTDI MEKANIKAL SERVICES KN-28092019-0007","50","RENEWAL","failed","244627"
"2019-10-03 16:32:09","Bayaran Pendaftaran SK REEZE ENTERPRISE KN-23092019-0157","400","REGISTRATION","failed","244632"
"2019-10-03 16:34:45","Bayaran Pendaftaran SK REEZE ENTERPRISE KN-23092019-0157","400","REGISTRATION","failed","244635"
"2019-10-03 16:36:17","Bayaran Pendaftaran Berkatguru Enterprise KN-20082019-0039","400","REGISTRATION","failed","244636"
"2019-10-03 16:37:46","Bayaran Pendaftaran Berkatguru Enterprise KN-20082019-0039","400","REGISTRATION","failed","244639"
"2019-10-03 16:40:32","Bayaran Proses Jayanet Innovative Technologies Sdn Bhd KN-02102019-0110","50","RENEWAL","failed","244630"
"2019-10-03 16:47:49","Bayaran Proses INTERNATIONAL TROPICAL FRUITS NETWORK KR-20082019-0016","50","RENEWAL","failed","244644"
"2019-10-03 16:51:31","Bayaran Pendaftaran SOL N SONS SDN. BHD. KR-13092019-0049","400","REGISTRATION","failed","244645"
"2019-10-03 16:53:40","Bayaran Pendaftaran SOL N SONS SDN. BHD. KR-13092019-0049","400","REGISTRATION","failed","244653"
"2019-10-03 16:55:29","Bayaran Pendaftaran NS SEPAKAT ENTERPRISE KR-19092019-0082","400","REGISTRATION","failed","244648"
"2019-10-03 17:00:50","Bayaran Pendaftaran YATA JASAMEDIA SDN.BHD. KN-02102019-0028","400","REGISTRATION","failed","244672"
"2019-10-03 17:06:03","Bayaran Pendaftaran BK BERSATU KN-04092019-0101","400","REGISTRATION","failed","244675"
"2019-10-03 17:27:46","Bayaran Proses BADSYAM TRADING KN-20092019-0132","50","RENEWAL","failed","244661"
"2019-10-03 17:32:11","Bayaran Pendaftaran EXA POWER SDN. BHD. KR-18092019-0240","400","REGISTRATION","failed","244664"
"2019-10-03 18:01:36","Bayaran Proses MEGCOM DYNAMIC SOLUTION SDN. BHD. KR-27082019-0199","50","RENEWAL","failed","244689"
"2019-10-03 18:46:07","Bayaran Proses AYANG HEBAT ENTERPRISE KN-01102019-0152","50","RENEWAL","failed","244695"
"2019-10-03 19:02:12","Bayaran Proses PENAMPANG AUTO KR-16092019-0018","50","RENEWAL","failed","244697"
"2019-10-03 20:16:58","Bayaran Proses VALLINME TECHNOLOGIES SDN. BHD. KR-03102019-0223","50","RENEWAL","failed","244704"
"2019-10-03 22:06:16","Bayaran Proses NURAISYAH TRADING KR-14092019-0007","50","RENEWAL","failed","244754"
"2019-10-03 00:00:07","Bayaran Pendaftaran RADORA CITY ENTERPRISE KN-25082019-0057","400","REGISTRATION","failed","244188"
"2019-10-03 00:05:18","Bayaran Pendaftaran RADORA CITY ENTERPRISE KN-25082019-0057","400","REGISTRATION","failed","244189"
"2019-10-03 08:41:47","Bayaran Pendaftaran PERUSAHAAN PERABOT SOON HUAT KN-02102019-0093","400","REGISTRATION","failed","244240"
"2019-10-03 09:02:26","Bayaran Pendaftaran PERUSAHAAN PERABOT SOON HUAT KN-02102019-0093","400","REGISTRATION","failed","244249"
"2019-10-03 09:16:54","Bayaran Pendaftaran PERBADANAN MELAKA HOLDING SDN. BHD. KR-13082019-0155","400","REGISTRATION","failed","244251"
"2019-10-03 09:24:46","Bayaran Pendaftaran WARISAN JUARA PADU SDN. BHD. KN-14092019-0012","400","REGISTRATION","failed","244224"
"2019-10-03 09:32:09","Bayaran Pendaftaran ZAIMMAR ASSOCIATES JR-19092019-0013","400","REGISTRATION","failed","244258"
"2019-10-03 10:04:35","Bayaran Proses FATMID ENGINEERING KR-01102019-0163","50","RENEWAL","failed","244281"
"2019-10-03 10:10:45","Bayaran Proses FATMID ENGINEERING KR-01102019-0163","50","RENEWAL","failed","244311"
"2019-10-03 10:18:29","Bayaran Proses BORNEO DOTCOM CAR RENTAL &amp;amp;amp; SERVICES SDN BHD KN-20082019-0085","50","RENEWAL","failed","244301"
"2019-10-03 10:21:08","Bayaran Proses FATMID ENGINEERING KR-01102019-0163","50","RENEWAL","failed","244317"
"2019-10-03 10:25:47","Bayaran Proses BORNEO DOTCOM CAR RENTAL &amp;amp;amp; SERVICES SDN BHD KN-20082019-0085","50","RENEWAL","failed","244305"
"2019-10-03 10:26:53","Bayaran Proses FATMID ENGINEERING KR-01102019-0163","50","RENEWAL","failed","244323"
"2019-10-03 10:31:47","Bayaran Pendaftaran PERUSAHAAN PERABOT SOON HUAT KN-02102019-0093","400","REGISTRATION","failed","244327"
"2019-10-03 13:33:35","Bayaran Pendaftaran PEMBORONG AZRI KR-06072019-0006","400","REGISTRATION","failed","244442"
"2019-10-03 13:34:47","Bayaran Proses MS PADU ENTERPRISE KR-03102019-0122","50","RENEWAL","failed","244467"
"2019-10-03 13:35:29","Bayaran Pendaftaran PEMBORONG AZRI KR-06072019-0006","400","REGISTRATION","failed","244468"
"2019-10-03 13:36:00","Bayaran Proses MS PADU ENTERPRISE KR-03102019-0122","50","RENEWAL","failed","244469"
"2019-10-03 14:37:17","Bayaran Proses WAJA SELENDANG ENTERPRISE KN-21082019-0159","50","RENEWAL","failed","244513"
"2019-10-03 15:29:16","Bayaran Proses Percetakan Iszah KN-31082019-0011","50","RENEWAL","failed","244553"
"2019-10-03 15:56:56","Bayaran Proses FARMASI UTAMA KR-03102019-0144","50","RENEWAL","failed","244585"
"2019-10-03 15:59:15","Bayaran Proses FARMASI UTAMA KR-03102019-0144","50","RENEWAL","failed","244589"
"2019-10-03 16:03:25","Bayaran Pendaftaran annizam construction sdn. bhd. KN-19092019-0145","400","REGISTRATION","failed","244568"
"2019-10-03 16:05:42","Bayaran Proses FARMASI UTAMA KR-03102019-0144","50","RENEWAL","failed","244593"
"2019-10-03 16:33:07","Bayaran Proses Jayanet Innovative Technologies Sdn Bhd KN-02102019-0110","50","RENEWAL","failed","244631"
"2019-10-03 16:36:48","Bayaran Proses Jayanet Innovative Technologies Sdn Bhd KN-02102019-0110","50","RENEWAL","failed","244637"
"2019-10-03 16:41:55","Bayaran Proses Jayanet Innovative Technologies Sdn Bhd KN-02102019-0110","50","RENEWAL","failed","244640"
"2019-10-03 17:00:26","Bayaran Proses Jayanet Innovative Technologies Sdn Bhd KN-02102019-0110","50","RENEWAL","failed","244671"
